-40	-20	 60	-40	-20	 30	 40	-20	 60	 40	-20	 30
-40	-20	 30	-40	-35	 30	 40	-20	 30	 40	-35	 30
-40	-35	 30	-40	-35	  0	 40	-35	 30	 40	-35	  0
-40	 40	 60	-40	 40	 30	-40	-20	 60	-40	-20	 30
-40	 40	 30	-40	 40	  0	-40	-35	 30	-40	-35	  0
 40	-20	 60	 40	-20	 30	 40	 40	 60	 40	 40	 30
 40	-35	 30	 40	-35	  0	 40	 40	 30	 40	 40	  0
 40	 40	 60	 40	 40	  0	-40	 40	 60	-40	 40	  0
-10	 10	 70	-45	-25	 59	 10	 10	 70	 45	-25	 59
 10	 10	 70	 45	 45	 59	-10	 10	 70	-45	 45	 59
-10	 10	 70	-45	 45	 59	-45	-25	 59
 10	 10	 70	 45	-25	 59	 45	 45	 59
