 45	-40	 35	-48	-40	 35	 45	-40	  0	-48	-40	  0
 45	-40	 35	 45	-40	  0	 45	 48	 35	 45	 48	  0
-48	-40	  0	-48	-40	 35	-48	 48	  0	-48	 48	 35
-48	 48	  0	-48	 48	 35	 45	 48	  0	 45	 48	 35
 45	 48	 35	-48	 48	 35	 45	-40	 35	-48	-40	 35
 46	-41	 36	-46	-41	 36	 46	-41	 29	-46	-41	 29
 46	 39	 29	 46	 39	 36	 46	-41	 29	 46	-41	 36
 44	-39	 34	-47	-39	 34	 44	-39	  0	-47	-39	  0
-47	-39	 34	-47	 47	 34	-47	-39	  0	-47	 47	  0
-47	 47	 34	 44	 47	 34	-47	 47	  0	 44	 47	  0
 44	 47	 34	 44	-39	 34	 44	 47	  0	 44	-39	  0
