 0	32	 0	63	11	32	11	63
 0	 0	 0	31	31	 0	31	31
16	 0	16	31	31	 0	31	31
 0	 0	 0	31	31	 0	31	31
22	63	31	41	12	41
22	63	31	41	12	41
22	63	31	41	12	41
22	63	31	41	12	41
12	32	12	40	31	32	31	40
25	32	25	40	31	32	31	40
12	32	12	40	17	32	17	40
19	36	19	39	22	36	22	39
12	32	12	40	31	32	31	40
25	32	25	40	31	32	31	40
12	32	12	40	17	32	17	40
19	36	19	39	22	36	22	39
12	58	12	63	13	58	13	63
12	58	12	63	13	58	13	63
12	58	12	63	13	58	13	63
32	32	32	63	46	32	46	63
32	 0	32	31	63	 0	63	31
48	 0	48	31	60	 0	60	31
32	 0	32	31	63	 0	63	31
47	40	47	57	63	40	63	57
47	32	47	39	63	32	63	39
47	32	47	39	52	32	52	39
58	32	58	39	63	32	63	39
47	32	47	39	63	32	63	39
47	32	47	39	52	32	52	39
58	32	58	39	63	32	63	39
47	58	47	63	63	58	63	63
