-55	-31	125	-55	-31	  0	  5	-31	125	  5	-31	  0
  5	-29	125	  5	-29	  0	-55	-29	125	-55	-29	  0
-24	-60	125	-24	-60	  0	-24	  0	125	-24	  0	  0
-26	  0	125	-26	  0	  0	-26	-60	125	-26	-60	  0
  0	-26	125	  0	-26	  0	 60	-26	125	 60	-26	  0
 60	-24	125	 60	-24	  0	  0	-24	125	  0	-24	  0
 31	-55	125	 31	-55	  0	 31	  5	125	 31	  5	  0
 29	  5	125	 29	  5	  0	 29	-55	125	 29	-55	  0
 -5	 29	125	 -5	 29	  0	 55	 29	125	 55	 29	  0
 55	 31	125	 55	 31	  0	 -5	 31	125	 -5	 31	  0
 26	  0	125	 26	  0	  0	 26	 60	125	 26	 60	  0
 24	 60	125	 24	 60	  0	 24	  0	125	 24	  0	  0
-60	 24	125	-60	 24	  0	  0	 24	125	  0	 24	  0
  0	 26	125	  0	 26	  0	-60	 26	125	-60	 26	  0
-29	 -5	125	-29	 -5	  0	-29	 55	125	-29	 55	  0
-31	 55	125	-31	 55	  0	-31	 -5	125	-31	 -5	  0
